Group,Load Time (s)_count,Load Time (s)_mean,Load Time (s)_std,Load Time (s)_min,Load Time (s)_max,Train Time (s)_count,Train Time (s)_mean,Train Time (s)_std,Train Time (s)_min,Train Time (s)_max,Test Time (s)_count,Test Time (s)_mean,Test Time (s)_std,Test Time (s)_min,Test Time (s)_max,Test Accuracy_count,Test Accuracy_mean,Test Accuracy_std,Test Accuracy_min,Test Accuracy_max,Test AUC_count,Test AUC_mean,Test AUC_std,Test AUC_min,Test AUC_max,Test Loss_count,Test Loss_mean,Test Loss_std,Test Loss_min,Test Loss_max
concat_Aug_rotate_100pct,12,37.01332479715347,0.44713531659407013,36.235657691955566,37.693132162094116,12,2880.8689701755843,132.73818314123173,2820.2543857097626,3176.8001585006714,12,10.022793789704641,0.3321595768777199,9.30353856086731,10.191391229629517,12,0.8592592527469,0.02028602834287749,0.8111110925674438,0.8888888955116272,12,0.9387705524762472,0.01215314071727627,0.9137653112411499,0.9600309133529663,12,0.8220405330260595,0.16263636355017513,0.6256639957427979,1.2342733144760132
concat_Aug_rotate_50pct,12,26.60864011446635,4.168389025876219,22.55390167236328,33.84078001976013,12,2195.1540976961455,121.22392652623215,2053.443630218506,2437.1767649650574,12,10.841387291749319,1.6180816218066634,8.011708498001099,12.692176342010498,12,0.842592587073644,0.02360986542735898,0.800000011920929,0.8777777552604675,12,0.9296373526255289,0.010783693005363314,0.9162346720695496,0.9523456692695618,12,0.846080074707667,0.16693118039920718,0.5897104144096375,1.100043535232544
concat_Baseline_Raw,12,11.524259050687155,0.0758984612830903,11.351674318313599,11.63089394569397,12,1478.1862431963284,105.97651345287538,1430.7244429588318,1705.9425597190857,12,12.390653173128763,0.6766378868715308,10.930851221084595,12.741867303848267,12,0.8342592517534891,0.026147436815799573,0.800000011920929,0.8777777552604675,12,0.925612136721611,0.012077576462842092,0.9039507508277893,0.944290041923523,12,0.9129604548215866,0.07573508430407087,0.769759476184845,1.003463864326477
concat_CLAHE,12,12.901905874411264,0.1046819699629396,12.69872260093689,12.996419429779053,12,1453.6515060265858,102.40609777559247,1407.4840421676636,1674.0486054420471,12,12.53970992565155,0.6348963536193303,11.166218280792236,12.854357242584229,12,0.8342592517534891,0.035599194662963,0.7666666507720947,0.8888888955116272,12,0.9323919713497162,0.01942725212059113,0.8784876465797424,0.9534258842468262,12,0.7267849991718928,0.1672511222183938,0.5424200296401978,1.1113386154174805
concat_CLAHE_Norm_min_max_Aug_rotate_100pct,13,39.70542482229379,0.39635191119216845,39.07641339302063,40.206966400146484,13,2773.8871772289276,4.553197322415439,2764.0800466537476,2777.7411484718323,13,10.30485956485455,0.05701644678783321,10.241803169250488,10.427972793579102,13,0.8683760578815753,0.022150880362371,0.8333333134651184,0.8999999761581421,13,0.9512962744786189,0.019084303060005973,0.8983332514762878,0.9694135189056396,13,0.6248124218904055,0.19188603420671516,0.4164520800113678,1.1653380393981934
concat_CLAHE_Norm_min_max_Aug_rotate_2x,10,65.91732084751129,0.559006989878902,64.90681838989258,66.56002736091614,10,4318.428293275833,7.228114839952627,4311.068269252777,4333.2933614254,10,10.711973595619202,0.0774420192344144,10.61969542503357,10.798534631729126,10,0.88111110329628,0.023453532578178754,0.8444444537162781,0.9111111164093018,10,0.949956750869751,0.018231624763776138,0.9142592549324036,0.972561776638031,10,0.6698366433382035,0.16582607307634767,0.4162813723087311,0.912513792514801
concat_CLAHE_Norm_min_max_Aug_rotate_50pct,12,26.797432402769726,2.212583121673705,24.73950171470642,33.26854968070984,12,2102.4676217039428,42.813524462999354,2029.5709624290466,2160.1222701072693,12,11.301465888818106,1.5575175643860684,9.470863819122314,13.053530216217041,12,0.8648148079713186,0.019438428301300943,0.8222222328186035,0.8888888955116272,12,0.9610802084207535,0.013135441302135132,0.9419136047363281,0.9811729192733765,12,0.4876706426342328,0.13932779026145323,0.2849852740764618,0.686812698841095
concat_Norm_min_max,12,11.880452136198679,0.10120263953055614,11.672603130340576,11.987367868423462,12,1479.861314713955,105.09485794701679,1432.7063839435577,1705.2324786186218,12,12.523489475250244,0.6975424952355831,11.02993106842041,13.260332584381104,12,0.8324074000120163,0.0355991936764075,0.7666666507720947,0.8888888955116272,12,0.9367129604021708,0.01953874998218992,0.8874382376670837,0.9635492563247681,12,0.7129030103484789,0.19502866561498164,0.4121866822242737,1.1740672588348389
concat_ROI,12,45.83519158760706,0.1562234121346519,45.513484716415405,46.015703439712524,12,1456.4188041885693,77.66345848622254,1431.4543986320496,1702.964920759201,12,23.781307478745777,0.4965250178707536,22.22080636024475,24.043819904327393,12,0.8462962955236435,0.03603008938615014,0.7444444298744202,0.8666666746139526,12,0.9292232443888983,0.014706572720006266,0.8918518424034119,0.952438235282898,12,0.9084317783514658,0.2110310973024912,0.5681136846542358,1.3023369312286377
concat_seq_Aug_rotate_100pct,12,37.88004835446676,2.8996112213962584,36.44627618789673,47.02652049064636,12,1292.205935696761,227.4213227834468,992.4102354049683,1677.5555794239044,12,12.697835743427277,0.782791676942489,12.431196451187134,15.18163251876831,12,0.7879629631837209,0.04005000645968449,0.7222222089767456,0.855555534362793,12,0.9153472433487574,0.021644291006152228,0.8717284202575684,0.9540741443634033,12,0.7689727768301964,0.20223892014165704,0.46141985058784485,1.1574336290359497
concat_seq_Aug_rotate_50pct,15,24.409649991989134,0.8509744648024166,23.11251664161682,26.123669862747192,15,1021.3245309352875,160.09815687881877,815.0649166107178,1399.3140051364899,15,13.190552282333375,1.509827643910114,11.600318431854248,15.071671962738037,15,0.8222222169240315,0.039395787004182906,0.7666666507720947,0.8888888955116272,15,0.921882708867391,0.022531038597195234,0.8870677947998047,0.9565122723579407,15,0.801973569393158,0.22379387667054867,0.48532065749168396,1.1107110977172852
concat_seq_Baseline_Raw,15,11.552618026733398,0.05135382727248797,11.455402851104736,11.6637864112854,15,515.7924348036448,0.7427976208373624,514.7951889038086,516.7561540603638,15,15.106965939203898,0.05324281500812893,15.035355567932129,15.194560289382935,15,0.7874074061711629,0.06795924682827752,0.6333333253860474,0.855555534362793,15,0.9090205868085225,0.03809218327583492,0.806543231010437,0.9512037634849548,15,0.6796808024247487,0.11963567839026185,0.48294249176979065,0.9004843235015869
concat_seq_CLAHE,15,12.866154797871907,0.09087878451811021,12.758475065231323,13.15257453918457,15,516.5248245398203,34.9399946234281,504.0301253795624,640.0799076557159,15,15.187072261174519,0.04494411733505496,15.106857776641846,15.275806665420532,15,0.8133333285649618,0.05927248240209651,0.6666666865348816,0.8777777552604675,15,0.9373374581336975,0.02691028355569789,0.8820062279701233,0.965308666229248,15,0.5170434614022573,0.10194349749020362,0.3599109351634979,0.6653781533241272
concat_seq_CLAHE_Norm_min_max_Aug_rotate_100pct,15,39.92176505724589,0.3489724062330287,39.33862233161926,40.33219861984253,15,1260.7027056217194,237.46187539359292,993.0762634277344,1982.3308839797974,15,12.586702394485474,0.07152961841019037,12.455657720565796,12.663373470306396,15,0.8096296230951945,0.037295394738477566,0.7444444298744202,0.8666666746139526,15,0.9226543347040812,0.018302652311237923,0.8854630589485168,0.9595679044723511,15,0.7570148189862569,0.15140922293101897,0.5349554419517517,1.023802399635315
concat_seq_CLAHE_Norm_min_max_Aug_rotate_50pct,14,26.609872783933366,0.7036023139722423,25.397742986679077,27.622551202774048,14,1033.3331600597926,204.41297922537262,774.9491229057312,1415.083907842636,14,13.639737708227974,1.6419644919805616,11.886631727218628,15.445516109466553,14,0.8412698379584721,0.017664473463009665,0.800000011920929,0.8666666746139526,14,0.9511507749557495,0.01327946909922273,0.9266049861907959,0.9693208932876587,14,0.5183562529938561,0.10898102255802138,0.33801406621932983,0.6940490007400513
concat_seq_Norm_min_max,14,11.802818059921265,0.04354526816040746,11.755200386047363,11.866438865661621,14,514.5768601383481,0.9360529446325694,512.8792419433594,516.2363250255585,14,15.131969247545515,0.07568714398005544,14.994529247283936,15.279033184051514,14,0.7579365053347179,0.1283379407086544,0.3333333432674408,0.8222222328186035,14,0.8959303327969143,0.10573562070503915,0.5347839593887329,0.943981409072876,14,0.6292785086802074,0.1881051684604791,0.4715915620326996,1.0994023084640503
concat_seq_ROI,15,45.68420143127442,0.1865596940858272,45.44785952568054,46.03057026863098,15,528.6361936410268,34.589279694646926,511.2397668361664,624.4234957695007,15,26.378033908208213,0.11779874379761271,26.21945309638977,26.702363967895508,15,0.7585185209910075,0.08383095661182724,0.5333333611488342,0.855555534362793,15,0.886689285437266,0.05952287207088474,0.7324382662773132,0.946080207824707,15,0.7728601117928823,0.17321156230143336,0.4954107105731964,1.1269243955612183
dual_Aug_rotate_100pct,12,42.586075246334076,4.745145513470007,37.32787227630615,49.35026526451111,12,2980.304365416368,33.1096631427659,2943.775425195694,3051.140426158905,12,10.141165137290955,0.9549645490154078,9.346473932266235,12.097748756408691,12,0.8583333144585291,0.026003970352329916,0.8111110925674438,0.8999999761581421,12,0.9442361295223236,0.01568785477347451,0.9067901372909546,0.9623456597328186,12,0.6727688163518906,0.16225074846266382,0.4401870369911194,1.1000837087631226
dual_Aug_rotate_50pct,12,32.12104026476542,1.9741906267233462,29.397627353668213,34.81887984275818,12,2270.937621931235,49.06207999857826,2186.488540649414,2343.071926832199,12,11.944375077883402,1.4454021380671684,9.833132028579712,13.850258350372314,12,0.8361111134290695,0.026003972667620945,0.7666666507720947,0.8666666746139526,12,0.936252569158872,0.01605560448771326,0.9023149013519287,0.9540123343467712,12,0.6868350704511007,0.1541793531696838,0.5117111206054688,1.0589603185653687
dual_Baseline_Raw,12,12.364256838957468,2.3192443980721014,11.236986875534058,19.713282346725464,12,1498.583342174689,4.131943746064129,1494.7335696220398,1510.3120176792145,12,11.30657035112381,0.7588036378259386,11.007091522216797,13.713729858398438,12,0.7916666666666666,0.09488903127454913,0.5222222208976746,0.8666666746139526,12,0.9029269268115362,0.06468628209564115,0.7066667079925537,0.9508642554283142,12,0.8007393976052603,0.17162651324261025,0.5258714556694031,1.0710325241088867
dual_CLAHE,12,14.230160335699717,3.343116694441398,12.7425696849823,24.770025968551636,12,1537.4231614669163,86.41972229934883,1478.9641599655151,1682.2321150302887,12,11.475420236587524,0.46402258893047305,11.053280115127563,12.476887941360474,12,0.8722222149372101,0.03124789657963725,0.8222222328186035,0.9222221970558167,12,0.9571219036976496,0.012027770313465875,0.938117265701294,0.9722838401794434,12,0.5024530912439028,0.11444552679737999,0.3579181134700775,0.6880804896354675
dual_CLAHE_Norm_min_max_Aug_rotate_100pct,12,53.571797609329224,4.957720032025955,40.01065135002136,57.482321977615356,12,2949.728562335173,61.874813681579425,2910.868428468704,3139.2927083969116,12,10.932625313599905,0.9219731001121265,9.495511770248413,13.354522705078125,12,0.8777777701616287,0.0157134830897788,0.8444444537162781,0.9111111164093018,12,0.9568158189455668,0.009905076262320595,0.9405246376991272,0.9725616574287415,12,0.5644926925500234,0.10854897327304197,0.37401798367500305,0.7190582156181335
dual_CLAHE_Norm_min_max_Aug_rotate_2x,12,65.65869605541229,0.8090960194124193,64.5315158367157,66.68478918075562,12,4325.37743806839,3.2530938906602804,4321.084592342377,4332.690258741379,12,10.995671709378561,0.6868112341943678,10.67983365058899,13.166217565536499,12,0.8666666646798452,0.03213328207563211,0.7888888716697693,0.8999999761581421,12,0.9481944640477499,0.011886251758659318,0.9160802364349365,0.9597223401069641,12,0.7158431559801102,0.23217549494720927,0.5148688554763794,1.408315658569336
dual_CLAHE_Norm_min_max_Aug_rotate_50pct,12,33.310364405314125,5.88579573829027,25.43212080001831,40.30747938156128,12,2225.9987715681395,69.08568455936455,2115.784087896347,2343.407069683075,12,12.373278220494589,1.3823481973334786,9.588456869125366,14.294692754745483,12,0.8611110945542654,0.044317994560162596,0.8111110925674438,0.9444444179534912,12,0.9513143052657446,0.02036026354113841,0.916913628578186,0.9848765730857849,12,0.5752381011843681,0.1713567762360632,0.3049028217792511,0.8796278238296509
dual_Norm_min_max,12,13.320476551850637,3.399741268755341,11.553770065307617,21.018099069595337,12,1523.5750809113185,57.539943529668406,1497.1230058670044,1704.0353438854218,12,11.645160714785257,1.1489770992074761,11.023526430130005,14.289010763168335,12,0.8620370378096899,0.026992267359735138,0.8111110925674438,0.8888888955116272,12,0.947376529375712,0.012657109717255697,0.9278395771980286,0.9719753861427307,12,0.5296661679943403,0.08760857820475118,0.37048447132110596,0.6535705327987671
dual_ROI,12,50.64400213956833,6.777691991687972,45.13511323928833,61.59978270530701,12,1542.8824530641239,71.69747113715664,1495.7448782920837,1715.6433312892914,12,25.082082907358807,3.390702785185139,22.092042684555054,32.502509355545044,12,0.8083333422740301,0.04857682716602257,0.6888889074325562,0.8666666746139526,12,0.9310982575019201,0.02343999920714536,0.8870678544044495,0.9625000953674316,12,0.6221587459246317,0.14050526513776818,0.4613434672355652,0.9388625025749207
early_channel_Aug_rotate_100pct,12,36.89652023712794,0.386527938162977,36.28295159339905,37.369704484939575,12,1673.0084170301755,2.0167648970869996,1670.4115180969238,1678.5945472717285,12,9.303444345792135,0.03475258957448704,9.24543023109436,9.350469827651978,12,0.8509259124596914,0.026992263456330313,0.8111110925674438,0.8999999761581421,12,0.9236213813225428,0.01628545216163791,0.8879629969596863,0.9464505910873413,12,0.9536091685295105,0.20236641243853162,0.6119164228439331,1.3205205202102661
early_channel_Aug_rotate_50pct,12,24.09551692008972,0.7558949303210518,22.915517807006836,25.363101482391357,12,1262.5695977608364,23.693936608810123,1226.9852809906006,1301.2697207927704,12,10.150520185629526,1.3399879619035169,8.837239980697632,11.63711428642273,12,0.8472222139437994,0.029634891132513854,0.7666666507720947,0.8777777552604675,12,0.9270447393258413,0.01606386988922168,0.8923147916793823,0.9503703713417053,12,0.8005848328272501,0.1329470509742784,0.5787025690078735,1.0609822273254395
early_channel_Baseline_Raw,12,11.489678700764975,0.04912542778270068,11.416229724884033,11.539502620697021,12,862.3950088421503,0.9302711955747471,860.8723475933075,864.0328240394592,12,11.678207655747732,0.04178646761060776,11.595622777938843,11.754671573638916,12,0.8138888875643412,0.02643203944027407,0.7777777910232544,0.855555534362793,12,0.9160725027322769,0.014396020013706717,0.8950307965278625,0.9372839331626892,12,0.9946383982896805,0.15565285915496585,0.6894910335540771,1.2249040603637695
early_channel_CLAHE,12,12.821657220522562,0.05874867160624167,12.75802493095398,12.899205446243286,12,834.988090634346,0.9683762769150482,833.2602632045746,837.0499320030212,12,11.793150742848715,0.03075449483727087,11.741522073745728,11.840888023376465,12,0.8249999930461248,0.07477987590649388,0.6000000238418579,0.8777777552604675,12,0.9334053546190262,0.06585285021353553,0.7290432453155518,0.9644135236740112,12,0.7433607826630274,0.556766689274772,0.47656744718551636,2.467670440673828
early_channel_CLAHE_Norm_min_max_Aug_rotate_100pct,12,39.50959046681722,0.4022994831796787,38.97102165222168,39.9978609085083,12,1623.280685345332,2.327755469502071,1620.5102984905243,1628.8785996437073,12,9.30591462055842,0.07605982621484897,9.16044282913208,9.428768157958984,12,0.8740740617116293,0.01447420073875739,0.855555534362793,0.8999999761581421,12,0.9516023447116216,0.010354766849510833,0.9357099533081055,0.9691665768623352,12,0.6540645435452461,0.11018436027217976,0.43017032742500305,0.8852784633636475
early_channel_CLAHE_Norm_min_max_Aug_rotate_2x,10,66.19433968067169,0.5815954625672757,65.04233574867249,66.79441809654236,10,2399.343930053711,2.8427862752554436,2396.350216150284,2403.4935114383698,10,11.567305779457092,0.0937810142095449,11.382585525512695,11.694798231124878,10,0.875555545091629,0.010210408757236954,0.855555534362793,0.8888888955116272,10,0.9486265420913697,0.01230394789341648,0.9270061254501343,0.9661728143692017,10,0.6424821645021439,0.1331581105917728,0.4751153290271759,0.8836266994476318
early_channel_CLAHE_Norm_min_max_Aug_rotate_50pct,12,26.749303857485454,0.8027598517803539,25.536806106567383,27.92591118812561,12,1236.8014645576477,21.24209185696576,1194.15416264534,1263.4619472026825,12,10.430242776870728,1.495474141969257,7.857548952102661,11.788127899169922,12,0.8703703681627909,0.02816231476922037,0.800000011920929,0.8999999761581421,12,0.9528369257847468,0.016723187406287764,0.9173457026481628,0.9745370745658875,12,0.586483895778656,0.16646610472200454,0.3652420938014984,0.8966429829597473
early_channel_Norm_min_max,12,11.81500001748403,0.044713119912012905,11.748193502426147,11.86478853225708,12,862.7851735154787,0.8799070094329617,860.8538613319397,864.3443489074707,12,11.797621031602224,0.03302175016234952,11.731194734573364,11.840944290161133,12,0.8342592567205429,0.018627617814397267,0.800000011920929,0.855555534362793,12,0.9440715114275614,0.014246446681057965,0.9149383306503296,0.9657408595085144,12,0.651391918460528,0.11591320688550169,0.46818846464157104,0.8847081661224365
early_channel_ROI,12,45.69332275787989,0.14672289723269716,45.4297833442688,45.825462341308594,12,862.4297818144163,1.3784888404354279,860.1092457771301,864.5378124713898,12,22.93107161919276,0.07072176474557682,22.798760890960693,23.023096561431885,12,0.8175925860802332,0.019220687079494543,0.7777777910232544,0.855555534362793,12,0.9194650401671728,0.011036696156143654,0.9075925350189209,0.9387654662132263,12,0.9802129765351614,0.12731039783475262,0.7984753251075745,1.158623456954956
early_channel_seq_Aug_rotate_100pct,6,36.90335349241892,0.3461618027095596,36.58281588554382,37.328096866607666,6,688.6047555208206,53.72273270686203,594.3154852390289,743.3288888931274,6,11.611820856730143,0.05667072149150433,11.542345762252808,11.707534313201904,6,0.777777781089147,0.037843078557549516,0.7333333492279053,0.8222222328186035,6,0.9147787888844808,0.018511118955995956,0.8903394937515259,0.9406790137290955,6,0.8424586852391561,0.24186793292738853,0.49917280673980713,1.1528559923171997
early_channel_seq_Aug_rotate_50pct,15,24.542878278096516,0.7149466787039048,22.94127058982849,25.39039158821106,15,668.9512710571289,138.91689793990426,473.80337381362915,865.6920266151428,15,12.546913464864096,1.3221572344040158,11.180075883865356,14.047817468643188,15,0.8125925858815511,0.03110732760890718,0.7555555701255798,0.8777777552604675,15,0.9300761500994364,0.01846322599935701,0.8863580226898193,0.9570677876472473,15,0.7159461379051208,0.15440624244501067,0.5331936478614807,1.0692932605743408
early_channel_seq_CLAHE_Norm_min_max_Aug_rotate_100pct,15,39.66911571820577,0.441433367781264,38.97693705558777,40.05754542350769,15,779.6613632837931,198.8109447524423,586.3076915740967,1358.3989655971527,15,11.703924496968588,0.07753151211086069,11.593905448913574,11.86390995979309,15,0.8348148107528687,0.021358897620895975,0.8111110925674438,0.8666666746139526,15,0.9391275485356648,0.0207949910051727,0.902654230594635,0.9750308990478516,15,0.6282360593477885,0.18370950012893952,0.3217082619667053,0.9217583537101746
early_channel_seq_CLAHE_Norm_min_max_Aug_rotate_50pct,15,26.591628996531167,1.0589582695237763,24.185736656188965,28.39162039756775,15,593.8772946039836,135.6620564045492,440.5915279388428,815.5058460235596,15,13.018187363942465,1.2163669489986049,11.386539936065674,14.21214747428894,15,0.8725925882657369,0.020941954530358103,0.8222222328186035,0.8999999761581421,15,0.9586193680763244,0.011506681755449208,0.9392284750938416,0.9766667485237122,15,0.48692480723063153,0.11181092083560537,0.3489724397659302,0.7164075970649719
